{
    "longTermAccessKeyID": "(?:AKIA)[A-Z0-9]{16}(?=\")", 
    "shortTermAccessKeyID": "(?:ASIA)[A-Z0-9]{16}(?=\")",
    "publicKeyID": "(?:APKA)[A-Z0-9]{16}(?=\")",
    "stsServiceBearerTokenID": "(?:ABIA)[A-Z0-9]{16}(?=\")",
    "contextSpecificCredentialID": "(?:ACCA)[A-Z0-9]{16}(?=\")",
    "groupID": "(?:AGPA)[A-Z0-9]{17}(?=\")",
    "ec2InstanceProfileID": "(?:AIPA)[A-Z0-9]{17}(?=\")",
    "iamUserID": "(?:AIDA)[A-Z0-9]{17}(?=\")",
    "managedPolicyID": "(?:ANPA)[A-Z0-9]{17}(?=\")",
    "roleID": "(?:AROA)[A-Z0-9]{17}(?=:)|(?:AROA)[A-Z0-9]{17}(?=\")",
    "certificateID": "(?:ASCA)[A-Z0-9]{17}(?=\")",
    "accountID": "(?<=\")[0-9]{12}(?=\")",
    "username": "(?<=\"userName\":\").+?(?=\")",
    "arn": "(?<=arn\":\"arn:[^:]*:[^:]*:.*\\d{12}[.|:])[^\"\\s]+",
    "instanceID": "(?:i-)[a-fA-F0-9]{17}",
    "ipv4": "((?<![0-9])(?:(?:25[0-5]|2[0-4][0-9]|[0-1]?[0-9]{1,2})[.](?:25[0-5]|2[0-4][0-9]|[0-1]?[0-9]{1,2})[.](?:25[0-5]|2[0-4][0-9]|[0-1]?[0-9]{1,2})[.](?:25[0-5]|2[0-4][0-9]|[0-1]?[0-9]{1,2}))(?![0-9]))",
    "region": "(?:us|ap|cn|eu|ca|sa|me)(?:gov|iso|-isob)?-(?:north|south|east|west|central){1,2}-[1-3]",
    "email": "[a-z0-9!#$%&'*+/=?^_`{|}~-]+(?:\\.[a-z0-9!#$%&'*+/=?^_`{|}~-]+)*@(?:[a-z0-9](?:[a-z0-9-]*[a-z0-9])?\\.)+[a-z0-9](?:[a-z0-9-]*[a-z0-9])?",
    "uuid": "[a-zA-Z0-9_]+",
    "published": "\\d{4}-\\d{2}-\\d{2} \\d{2}:\\d{2}:\\d{2}\\.\\d+",
    "eventType": "[a-zA-Z0-9_]+",
    "version": "[a-zA-Z0-9_]+",
    "severity": "[a-zA-Z0-9_]+",
    "legacyEventType": "[a-zA-Z0-9_]+",
    "displayMessage": "[a-zA-Z0-9_]+",
    "alternateId":"[a-z0-9!#$%&'*+/=?^_`{|}~-]+(?:\\.[a-z0-9!#$%&'*+/=?^_`{|}~-]+)*@(?:[a-z0-9](?:[a-z0-9-]*[a-z0-9])?\\.)+[a-z0-9](?:[a-z0-9-]*[a-z0-9])?"
}