{
    "actor": {
        "alternateId": "FkoQEQZfdA4IFQUfBVZU",
        "displayName": "Okta System",
        "id": "spr9ja4bm3hNMvyyU5d7",
        "type": "SystemPrincipal"
    },
    "authenticationcontext": {
        "authenticationStep": 0,
        "externalSessionId": "trsgl_DXN6FRZqMnmWfmBgjdQ"
    },
    "client": {},
    "debugcontext": {
        "debugData": {}
    },
    "device": null,
    "displaymessage": "Administrator consent granted.",
    "eventtype": "app.oauth2.admin.consent.grant",
    "legacyeventtype": "app.oauth2.admin.consent.grant_success",
    "outcome": {
        "result": "SUCCESS"
    },
    "p_any_actor_ids": [
        "spr9ja4bm3hNMvyyU5d7",
        "system@okta.com"
    ],
    "p_any_domain_names": null,
    "p_any_emails": [
        "system@okta.com"
    ],
    "p_any_ip_addresses": null,
    "p_any_usernames": [
        "system",
        "system@okta.com"
    ],
    "p_event_time": "2023-08-17 20:45:34.426",
    "p_log_type": "Okta.SystemLog",
    "p_parse_time": "2023-08-17 20:48:13.47",
    "p_row_id": "661f43669f17b7eabff1b1831a01",
    "p_schema_version": 0,
    "p_source_id": "9906f880-2c2d-4a47-a9c1-8883f13ed53e",
    "p_source_label": "Okta",
    "published": "VwNRVk4CDExSVkQDVgMNDA0EUh4NBQ8=",
    "request": {},
    "securitycontext": {},
    "severity": "LH0lKg==",
    "target": [
        {
            "detailEntry": {
                "publicclientapp": "okta.ee074f99-1b5b-513e-8ea6-f8beeab8dbb9"
            },
            "displayName": "okta.personal.authenticator.read",
            "id": "oag18q0usexpEwmLB5d7",
            "type": "ConsentGrant"
        },
        {
            "detailEntry": {
                "publicclientapp": "okta.ee074f99-1b5b-513e-8ea6-f8beeab8dbb9"
            },
            "displayName": "okta.personal.manage",
            "id": "oag18q0usgS5y3WEd5d7",
            "type": "ConsentGrant"
        },
        {
            "detailEntry": {
                "publicclientapp": "okta.ee074f99-1b5b-513e-8ea6-f8beeab8dbb9"
            },
            "displayName": "okta.personal.authenticator.manage",
            "id": "oag18q0usiAr32MMT5d7",
            "type": "ConsentGrant"
        },
        {
            "detailEntry": {
                "publicclientapp": "okta.ee074f99-1b5b-513e-8ea6-f8beeab8dbb9"
            },
            "displayName": "okta.personal.read",
            "id": "oag18q0uskhK57wm45d7",
            "type": "ConsentGrant"
        }
    ],
    "transaction": {
        "detail": {},
        "id": "moiav7whurqkYZ9wR5d7",
        "type": "JOB"
    },
    "uuid": "VQBVUFFRAAdOUgACABQICFJSS1FdUQoYUVFVBAJdV1VcBVZQ",
    "version": "VQ=="
}